band,correction,dswe,sat_corr,sat_to,method,intercept,slope,B1,B2,min_in_val,max_in_val
med_Blue,Roy,DSWE1,LS5,LS7,lm,0.005711463345222499,0.7893049059384584,NA,NA,-0.009,0.199
med_Blue,Roy,DSWE1,LS5,LS7,deming,-0.0011729512575271044,1.006264512533047,NA,NA,-0.009,0.199
med_Green,Roy,DSWE1,LS5,LS7,lm,0.001364198789392777,0.8575792778696346,NA,NA,-0.004,0.2
med_Green,Roy,DSWE1,LS5,LS7,deming,-0.003649302651649982,0.9758691793948757,NA,NA,-0.004,0.2
med_Red,Roy,DSWE1,LS5,LS7,lm,-3.4743540476952464e-4,0.8989087124863502,NA,NA,-0.008,0.2
med_Red,Roy,DSWE1,LS5,LS7,deming,-0.004600252058681057,1.0167141516186127,NA,NA,-0.008,0.2
med_Nir,Roy,DSWE1,LS5,LS7,lm,0.006079510009164549,0.7325013661051105,NA,NA,-0.006,0.2
med_Nir,Roy,DSWE1,LS5,LS7,deming,-0.001966645630844281,0.9846214076578554,NA,NA,-0.006,0.2
med_Swir1,Roy,DSWE1,LS5,LS7,lm,0.006563556691851777,0.42076076317773214,NA,NA,-0.008,0.098
med_Swir1,Roy,DSWE1,LS5,LS7,deming,0.0014711695473379513,0.7353526175503851,NA,NA,-0.008,0.098
med_Swir2,Roy,DSWE1,LS5,LS7,lm,0.004621514596483294,0.37820617692029757,NA,NA,-0.007,0.084
med_Swir2,Roy,DSWE1,LS5,LS7,deming,9.238438555337647e-4,0.7354995499996135,NA,NA,-0.007,0.084
med_SurfaceTemp,Roy,DSWE1,LS5,LS7,lm,29.688587865199985,0.8951537535639079,NA,NA,273.15,313.02
med_SurfaceTemp,Roy,DSWE1,LS5,LS7,deming,7.14788504629077,0.9733526072164652,NA,NA,273.15,313.02
med_Blue,Roy,DSWE1,LS8,LS7,lm,0.02128827908322219,0.7976389596546738,NA,NA,-0.009,0.182
med_Blue,Roy,DSWE1,LS8,LS7,deming,0.01291588148093975,1.3022266824403892,NA,NA,-0.009,0.182
med_Green,Roy,DSWE1,LS8,LS7,lm,0.015805751376396584,0.8074517036610092,NA,NA,-0,0.199
med_Green,Roy,DSWE1,LS8,LS7,deming,0.009293073108880869,1.0092870982401705,NA,NA,-0,0.199
med_Red,Roy,DSWE1,LS8,LS7,lm,0.013999891293164183,0.8405637972757654,NA,NA,-0.01,0.2
med_Red,Roy,DSWE1,LS8,LS7,deming,0.008964767187739309,1.0336097567576796,NA,NA,-0.01,0.2
med_Nir,Roy,DSWE1,LS8,LS7,lm,0.02218914194494538,0.565327957996994,NA,NA,-0.01,0.199
med_Nir,Roy,DSWE1,LS8,LS7,deming,0.013486841521225704,1.0152480323063968,NA,NA,-0.01,0.199
med_Swir1,Roy,DSWE1,LS8,LS7,lm,0.010212493329701994,0.4185474455294828,NA,NA,-0.01,0.099
med_Swir1,Roy,DSWE1,LS8,LS7,deming,7.358069866352474e-4,1.2567897521531506,NA,NA,-0.01,0.099
med_Swir2,Roy,DSWE1,LS8,LS7,lm,0.006178668432946138,0.3977106383254048,NA,NA,-0.001,0.091
med_Swir2,Roy,DSWE1,LS8,LS7,deming,-0.0011238942266129585,1.3079980663944424,NA,NA,-0.001,0.091
med_SurfaceTemp,Roy,DSWE1,LS8,LS7,lm,37.13543517087773,0.8667883353331693,NA,NA,273.15,313.04
med_SurfaceTemp,Roy,DSWE1,LS8,LS7,deming,16.937196945716963,0.9366094699613061,NA,NA,273.15,313.04
med_Blue,Roy,DSWE1,LS7,LS8,lm,-0.0022085713915237534,0.5427370445096706,NA,NA,-0.008,0.195
med_Blue,Roy,DSWE1,LS7,LS8,deming,-0.0099182848007005,0.7679148701432065,NA,NA,-0.008,0.195
med_Green,Roy,DSWE1,LS7,LS8,lm,-6.312354492683184e-4,0.785627598652011,NA,NA,-0.006,0.2
med_Green,Roy,DSWE1,LS7,LS8,deming,-0.009207937484741482,0.9908073463455943,NA,NA,-0.006,0.2
med_Red,Roy,DSWE1,LS7,LS8,lm,-0.0020316129253458676,0.7817657918075501,NA,NA,-0.008,0.2
med_Red,Roy,DSWE1,LS7,LS8,deming,-0.008673437022381894,0.9674880446500658,NA,NA,-0.008,0.2
med_Nir,Roy,DSWE1,LS7,LS8,lm,9.911916319792313e-4,0.5556230514584914,NA,NA,-0.01,0.2
med_Nir,Roy,DSWE1,LS7,LS8,deming,-0.013285407831767182,0.9850148179971104,NA,NA,-0.01,0.2
med_Swir1,Roy,DSWE1,LS7,LS8,lm,0.006300234789725668,0.33580332892681314,NA,NA,-0.005,0.095
med_Swir1,Roy,DSWE1,LS7,LS8,deming,-5.856593259941241e-4,0.7956907968582627,NA,NA,-0.005,0.095
med_Swir2,Roy,DSWE1,LS7,LS8,lm,0.005077476958884489,0.31395433991265814,NA,NA,-0.006,0.082
med_Swir2,Roy,DSWE1,LS7,LS8,deming,8.590587543842918e-4,0.7645469087497138,NA,NA,-0.006,0.082
med_SurfaceTemp,Roy,DSWE1,LS7,LS8,lm,5.394803533020401,0.9860806507154181,NA,NA,273.15,313.03
med_SurfaceTemp,Roy,DSWE1,LS7,LS8,deming,-18.088048119523418,1.0676965828165499,NA,NA,273.15,313.03
med_Blue,Roy,DSWE1a,LS5,LS7,lm,0.005719661508450906,0.7888872659904426,NA,NA,-0.009,0.199
med_Blue,Roy,DSWE1a,LS5,LS7,deming,-0.0016236795486275608,1.0299094273954736,NA,NA,-0.009,0.199
med_Green,Roy,DSWE1a,LS5,LS7,lm,0.0013688884354555878,0.8573652802380547,NA,NA,-0.004,0.2
med_Green,Roy,DSWE1a,LS5,LS7,deming,-0.0037275791377406973,0.9867231655726539,NA,NA,-0.004,0.2
med_Red,Roy,DSWE1a,LS5,LS7,lm,-3.4828148357428357e-4,0.8987785837430957,NA,NA,-0.008,0.2
med_Red,Roy,DSWE1a,LS5,LS7,deming,-0.005087544769858589,1.0397524631512516,NA,NA,-0.008,0.2
med_Nir,Roy,DSWE1a,LS5,LS7,lm,0.00602412784737413,0.7350382258510799,NA,NA,-0.006,0.2
med_Nir,Roy,DSWE1a,LS5,LS7,deming,-0.0025400995060041584,1.0118617900198423,NA,NA,-0.006,0.2
med_Swir1,Roy,DSWE1a,LS5,LS7,lm,0.006561611045860125,0.42175410448116407,NA,NA,-0.008,0.098
med_Swir1,Roy,DSWE1a,LS5,LS7,deming,6.683481736401654e-4,0.7979501917348412,NA,NA,-0.008,0.098
med_Swir2,Roy,DSWE1a,LS5,LS7,lm,0.004634932352794287,0.37762987184967783,NA,NA,-0.007,0.084
med_Swir2,Roy,DSWE1a,LS5,LS7,deming,-9.710979788004053e-5,0.8529322707856983,NA,NA,-0.007,0.084
med_SurfaceTemp,Roy,DSWE1a,LS5,LS7,lm,29.75161364724352,0.8949330258528618,NA,NA,273.15,313.02
med_SurfaceTemp,Roy,DSWE1a,LS5,LS7,deming,7.172592107597494,0.9733220455674823,NA,NA,273.15,313.02
med_Blue,Roy,DSWE1a,LS8,LS7,lm,0.021288264888649135,0.79547440299253,NA,NA,-0.01,0.182
med_Blue,Roy,DSWE1a,LS8,LS7,deming,0.011919290512675072,1.3587140857451583,NA,NA,-0.01,0.182
med_Green,Roy,DSWE1a,LS8,LS7,lm,0.015937675307451087,0.7993204019698013,NA,NA,-0,0.199
med_Green,Roy,DSWE1a,LS8,LS7,deming,0.009089375349236588,1.0057831896946614,NA,NA,-0,0.199
med_Red,Roy,DSWE1a,LS8,LS7,lm,0.013986606739787705,0.8389837026383105,NA,NA,-0.01,0.2
med_Red,Roy,DSWE1a,LS8,LS7,deming,0.008649720427547702,1.0399843662301707,NA,NA,-0.01,0.2
med_Nir,Roy,DSWE1a,LS8,LS7,lm,0.02285110184384964,0.5266810946153081,NA,NA,-0.01,0.199
med_Nir,Roy,DSWE1a,LS8,LS7,deming,0.015324305505548237,0.8992350674777807,NA,NA,-0.01,0.199
med_Swir1,Roy,DSWE1a,LS8,LS7,lm,0.010398478971788699,0.40062843165338224,NA,NA,-0.01,0.1
med_Swir1,Roy,DSWE1a,LS8,LS7,deming,1.4460438062528365e-4,1.2918616677536983,NA,NA,-0.01,0.1
med_Swir2,Roy,DSWE1a,LS8,LS7,lm,0.006281374477456642,0.38324461222241646,NA,NA,-0.001,0.092
med_Swir2,Roy,DSWE1a,LS8,LS7,deming,-0.0018764458892817253,1.3915712275474863,NA,NA,-0.001,0.092
med_SurfaceTemp,Roy,DSWE1a,LS8,LS7,lm,37.169389259919605,0.8667079567637016,NA,NA,273.15,313.09
med_SurfaceTemp,Roy,DSWE1a,LS8,LS7,deming,19.561694428390403,0.9274455892552316,NA,NA,273.15,313.09
med_Blue,Roy,DSWE1a,LS7,LS8,lm,-0.0021083246366318444,0.5408654745246825,NA,NA,-0.008,0.195
med_Blue,Roy,DSWE1a,LS7,LS8,deming,-0.008772229355073071,0.7359827487743992,NA,NA,-0.008,0.195
med_Green,Roy,DSWE1a,LS7,LS8,lm,-3.707310002727455e-4,0.7833611410266784,NA,NA,-0.006,0.2
med_Green,Roy,DSWE1a,LS7,LS8,deming,-0.009037607489499425,0.9942619344594333,NA,NA,-0.006,0.2
med_Red,Roy,DSWE1a,LS7,LS8,lm,-0.0019067168995552462,0.7796927034609279,NA,NA,-0.008,0.2
med_Red,Roy,DSWE1a,LS7,LS8,deming,-0.008317339315382699,0.9615578133220469,NA,NA,-0.008,0.2
med_Nir,Roy,DSWE1a,LS7,LS8,lm,6.627392360821848e-4,0.5784637496594416,NA,NA,-0.01,0.2
med_Nir,Roy,DSWE1a,LS7,LS8,deming,-0.017041988906605316,1.1120712152597652,NA,NA,-0.01,0.2
med_Swir1,Roy,DSWE1a,LS7,LS8,lm,0.006346947436752605,0.3445487597268555,NA,NA,-0.005,0.098
med_Swir1,Roy,DSWE1a,LS7,LS8,deming,-1.1228672467022132e-4,0.774100066759046,NA,NA,-0.005,0.098
med_Swir2,Roy,DSWE1a,LS7,LS8,lm,0.005158836213399582,0.31532513252495636,NA,NA,-0.006,0.082
med_Swir2,Roy,DSWE1a,LS7,LS8,deming,0.001348392196786157,0.7186168679618682,NA,NA,-0.006,0.082
med_SurfaceTemp,Roy,DSWE1a,LS7,LS8,lm,5.59669722319371,0.9853579226939169,NA,NA,273.15,313.03
med_SurfaceTemp,Roy,DSWE1a,LS7,LS8,deming,-21.097282493581396,1.0782486843303203,NA,NA,273.15,313.03
med_Blue,Gardner,DSWE1,LS5,LS7,poly,0.005356026274493057,NA,0.6812341802063274,2.05442375901582,0.01,0.097
med_Green,Gardner,DSWE1,LS5,LS7,poly,0.006038634431406488,NA,0.6032667828591515,1.241954371964825,0.012,0.143
med_Red,Gardner,DSWE1,LS5,LS7,poly,0.002164944215393055,NA,0.7729281842940212,0.013069600679647646,0.007,0.149
med_Nir,Gardner,DSWE1,LS5,LS7,poly,-4.435628861401405e-4,NA,0.9204488251371363,-1.5448634410077928,0.011,0.126
med_Swir1,Gardner,DSWE1,LS5,LS7,poly,0.0020005015598972727,NA,0.6899111037038562,2.426819086607519,0.002,0.053
med_Swir2,Gardner,DSWE1,LS5,LS7,poly,0.0011478080827238358,NA,0.6816754561485645,3.4263271227381993,-0.002,0.04
med_SurfaceTemp,Gardner,DSWE1,LS5,LS7,poly,245.5282320179874,NA,-0.6642813622237019,0.0027910633943000174,274.17,304.32
med_Blue,Gardner,DSWE1a,LS5,LS7,poly,0.005308210993717209,NA,0.6825963351035039,2.04573017020272,0.01,0.097
med_Green,Gardner,DSWE1a,LS5,LS7,poly,0.0060490885600041145,NA,0.6054090770300199,1.218372198526242,0.012,0.143
med_Red,Gardner,DSWE1a,LS5,LS7,poly,0.002010952315070169,NA,0.7797599988907132,-0.01787758828771836,0.007,0.149
med_Nir,Gardner,DSWE1a,LS5,LS7,poly,-3.798216537412982e-4,NA,0.9207553046475694,-1.5872492848709518,0.011,0.129
med_Swir1,Gardner,DSWE1a,LS5,LS7,poly,0.002136502211501602,NA,0.6821272045188427,2.4711196806912104,0.002,0.054
med_Swir2,Gardner,DSWE1a,LS5,LS7,poly,0.0012496122416873333,NA,0.6459704004667763,4.6624485359768055,-0.002,0.04
med_SurfaceTemp,Gardner,DSWE1a,LS5,LS7,poly,251.3322987954196,NA,-0.7046942552515014,0.0028612545404587443,274.17,304.35
med_Blue,Gardner,DSWE1,LS8,LS7,poly,0.01022451245740417,NA,1.2390250146566681,-3.4253503967769623,0.001,0.09
med_Green,Gardner,DSWE1,LS8,LS7,poly,0.00827330054790545,NA,0.7455206589446837,1.0048274903986418,0.005,0.131
med_Red,Gardner,DSWE1,LS8,LS7,poly,0.006754538977954645,NA,0.8977347148753164,0.44442167314082515,-0.002,0.123
med_Nir,Gardner,DSWE1,LS8,LS7,poly,0.013473516791269296,NA,0.7330605286463637,0.5134911110694206,-0.003,0.099
med_Swir1,Gardner,DSWE1,LS8,LS7,poly,0.002874181071067492,NA,0.9275480519714774,-0.28409423618504615,-0,0.047
med_Swir2,Gardner,DSWE1,LS8,LS7,poly,7.517425703214039e-4,NA,0.9711726010692456,-1.4142814047692662,0.001,0.037
med_SurfaceTemp,Gardner,DSWE1,LS8,LS7,poly,387.6000307300898,NA,-1.6040216792425925,0.004337974057489555,273.89,304.54
med_Blue,Gardner,DSWE1a,LS8,LS7,poly,0.01022915984249037,NA,1.2370936519884312,-3.297600671133801,0,0.089
med_Green,Gardner,DSWE1a,LS8,LS7,poly,0.008660955403741856,NA,0.7088962467312439,1.3626571554678464,0.005,0.13
med_Red,Gardner,DSWE1a,LS8,LS7,poly,0.00653756946921054,NA,0.9045667401616191,0.4907698417534001,-0.002,0.122
med_Nir,Gardner,DSWE1a,LS8,LS7,poly,0.013488703586221241,NA,0.7320948169037681,-0.7377234458652868,-0.003,0.123
med_Swir1,Gardner,DSWE1a,LS8,LS7,poly,0.0028937127623731938,NA,0.910429077295699,-1.8158510121278126,-0,0.054
med_Swir2,Gardner,DSWE1a,LS8,LS7,poly,7.917499468290048e-4,NA,0.9503822809993557,-2.208021140473714,0.001,0.039
med_SurfaceTemp,Gardner,DSWE1a,LS8,LS7,poly,430.71263251246893,NA,-1.903148098478532,0.004855177416956724,273.91,304.57
med_Blue,Gardner,DSWE1,LS7,LS8,poly,-0.006512090297416228,NA,0.6514744307254386,3.9086576702461415,0.01,0.095
med_Green,Gardner,DSWE1,LS7,LS8,poly,-0.010598456477649116,NA,1.3321569500071093,-1.4975938056188245,0.011,0.123
med_Red,Gardner,DSWE1,LS7,LS8,poly,-0.007358653666174598,NA,1.1109919621276132,-0.47529343121354467,0.005,0.123
med_Nir,Gardner,DSWE1,LS7,LS8,poly,-0.018218985311191566,NA,1.3748340516937785,-0.96567038826647,0.008,0.093
med_Swir1,Gardner,DSWE1,LS7,LS8,poly,-0.002932220459381374,NA,1.056842262582647,0.7403931519398487,0.002,0.046
med_Swir2,Gardner,DSWE1,LS7,LS8,poly,-5.649948219790336e-4,NA,0.9873370477628327,2.804099254490229,-0,0.035
med_SurfaceTemp,Gardner,DSWE1,LS7,LS8,poly,-511.8834313919724,NA,4.480681335534957,-0.005880292789604913,273.72,301.33
med_Blue,Gardner,DSWE1a,LS7,LS8,poly,-0.006714921943283361,NA,0.6671592217622865,3.628977276018217,0.01,0.095
med_Green,Gardner,DSWE1a,LS7,LS8,poly,-0.0112829711354321,NA,1.3832934730121538,-1.9889945171033812,0.011,0.123
med_Red,Gardner,DSWE1a,LS7,LS8,poly,-0.007024594511124125,NA,1.1008005031336794,-0.4983075227910052,0.005,0.123
med_Nir,Gardner,DSWE1a,LS7,LS8,poly,-0.017491696245033647,NA,1.2723879578972306,2.6164406841586536,0.008,0.095
med_Swir1,Gardner,DSWE1a,LS7,LS8,poly,-0.0029175594846879943,NA,1.0486198502051076,3.59206038142207,0.002,0.047
med_Swir2,Gardner,DSWE1a,LS7,LS8,poly,-6.109396954852688e-4,NA,1.0029850950757908,4.277293634442168,-0,0.035
med_SurfaceTemp,Gardner,DSWE1a,LS7,LS8,poly,-567.7562441615137,NA,4.872013934488942,-0.006563662845280873,273.72,301.38
